,Espresso:4:40.000000;Sandwich cu Salam:1:23.000000;Total:63.000000
,Ceai Verde:2:14.000000;Suc de Portocale:1:10.000000;Total:24.000000
,Espresso:1:10.000000;Total:10.000000
